TimePeriod,GeoType,GeoID,GeoRank,Geography,"Estimated annual rate per 10,000",Number
2023,CD,101,6,Financial District (CD1),16.6*,8*
2023,CD,103,6,Lower East Side and Chinatown (CD3),19.5,31
2023,CD,104,6,Clinton and Chelsea (CD4),5.3*,4*
2023,CD,105,6,Midtown (CD5),16.3*,4*
2023,CD,106,6,Stuyvesant Town and Turtle Bay (CD6),11.3*,8*
2023,CD,107,6,Upper West Side (CD7),8.2,17
2023,CD,108,6,Upper East Side (CD8),5.6,12
2023,CD,109,6,Morningside Heights and Hamilton Heights (CD9),31.7,37
2023,CD,110,6,Central Harlem (CD10),57.7,90
2023,CD,111,6,East Harlem (CD11),56.2,94
2023,CD,112,6,Washington Heights and Inwood (CD12),37.2,81
2023,CD,201,6,Mott Haven and Melrose (CD1),49.2,88
2023,CD,202,6,Hunts Point and Longwood (CD2),45.3,45
2023,CD,203,6,Morrisania and Crotona (CD3),42.6,74
2023,CD,204,6,Highbridge and Concourse (CD4),41.8,111
2023,CD,205,6,Fordham and University Heights (CD5),28.4,68
2023,CD,206,6,Belmont and East Tremont (CD6),59.6,97
2023,CD,207,6,Kingsbridge Heights and Bedford (CD7),42.0,101
2023,CD,208,6,Riverdale and Fieldston (CD8),34.6,46
2023,CD,209,6,Parkchester and Soundview (CD9),44.6,133
2023,CD,210,6,Throgs Neck and Co-op City (CD10),29.5,49
2023,CD,211,6,Morris Park and Bronxdale (CD11),39.6,69
2023,CD,212,6,Williamsbridge and Baychester (CD12),39.7,100
2023,CD,301,6,Greenpoint and Williamsburg (CD1),7.1,22
2023,CD,302,6,Fort Greene and Brooklyn Heights (CD2),25.4,29
2023,CD,303,6,Bedford Stuyvesant (CD3),22.6,50
2023,CD,304,6,Bushwick (CD4),14.0,24
2023,CD,305,6,East New York and Starrett City (CD5),38.4,116
2023,CD,306,6,Park Slope and Carroll Gardens (CD6),23.9,29
2023,CD,307,6,Sunset Park (CD7),8.8,16
2023,CD,308,6,Crown Heights and Prospect Heights (CD8),23.8,27
2023,CD,309,6,South Crown Heights and Lefferts Gardens (CD9),16.8,22
2023,CD,310,6,Bay Ridge and Dyker Heights (CD10),7.4,15
2023,CD,311,6,Bensonhurst (CD11),3.4*,10*
2023,CD,312,6,Borough Park (CD12),2.9,14
2023,CD,313,6,Coney Island (CD13),8.7,12
2023,CD,314,6,Flatbush and Midwood (CD14),12.9,35
2023,CD,315,6,Sheepshead Bay (CD15),4.1,11
2023,CD,316,6,Brownsville (CD16),59.9,85
2023,CD,317,6,East Flatbush (CD17),32.5,61
2023,CD,318,6,Flatlands and Canarsie (CD18),11.5,34
2023,CD,401,6,Long Island City and Astoria (CD1),12.5,26
2023,CD,402,6,Woodside and Sunnyside (CD2),9.9,17
2023,CD,403,6,Jackson Heights (CD3),14.5,36
2023,CD,404,6,Elmhurst and Corona (CD4),16.0,41
2023,CD,405,6,Ridgewood and Maspeth (CD5),11.0,27
2023,CD,406,6,Rego Park and Forest Hills (CD6),7.8*,9*
2023,CD,407,6,Flushing and Whitestone (CD7),15.6,47
2023,CD,408,6,Hillcrest and Fresh Meadows (CD8),14.0,29
2023,CD,409,6,Kew Gardens and Woodhaven (CD9),11.9,28
2023,CD,410,6,South Ozone Park and Howard Beach (CD10),10.5,20
2023,CD,411,6,Bayside and Little Neck (CD11),7.3,12
2023,CD,412,6,Jamaica and Hollis (CD12),22.2,73
2023,CD,413,6,Queens Village (CD13),18.9,48
2023,CD,414,6,Rockaway and Broad Channel (CD14),13.8,26
2023,CD,501,6,St. George and Stapleton (CD1),13.7,45
2023,CD,502,6,South Beach and Willowbrook (CD2),7.6,16
2023,CD,503,6,Tottenville and Great Kills (CD3),3.2*,8*
2023,UHF42,101,4,Kingsbridge - Riverdale,32.1,37
2023,UHF42,102,4,Northeast Bronx,37.2,112
2023,UHF42,103,4,Fordham - Bronx Pk,43.7,191
2023,UHF42,104,4,Pelham - Throgs Neck,37.6,178
2023,UHF42,105,4,Crotona - Tremont,41.1,165
2023,UHF42,106,4,High Bridge - Morrisania,46.2,179
2023,UHF42,107,4,Hunts Point - Mott Haven,44.0,119
2023,UHF42,201,4,Greenpoint,4.6*,10*
2023,UHF42,202,4,Downtown - Heights - Slope,20.4,60
2023,UHF42,203,4,Bedford Stuyvesant - Crown Heights,32.1,154
2023,UHF42,204,4,East New York,33.3,116
2023,UHF42,205,4,Sunset Park,9.7,17
2023,UHF42,206,4,Borough Park,4.0,27
2023,UHF42,207,4,East Flatbush - Flatbush,20.7,84
2023,UHF42,208,4,Canarsie - Flatlands,14.2,42
2023,UHF42,209,4,Bensonhurst - Bay Ridge,5.9,17
2023,UHF42,210,4,Coney Island - Sheepshead Bay,6.0,25
2023,UHF42,211,4,Williamsburg - Bushwick,16.6,60
2023,UHF42,301,4,Washington Heights,34.0,101
2023,UHF42,302,4,Central Harlem - Morningside Heights,53.3,124
2023,UHF42,303,4,East Harlem,48.7,75
2023,UHF42,304,4,Upper West Side,8.1,18
2023,UHF42,305,4,Upper East Side,5.9,12
2023,UHF42,306,4,Chelsea - Clinton,8.7*,7*
2023,UHF42,307,4,Gramercy Park - Murray Hill,12.3*,8*
2023,UHF42,308,4,Greenwich Village - SoHo,5.1*,3*
2023,UHF42,309,4,Union Square - Lower East Side,19.6,30
2023,UHF42,310,4,Lower Manhattan,15.0*,7*
2023,UHF42,401,4,Long Island City - Astoria,13.3,27
2023,UHF42,402,4,West Queens,16.7,103
2023,UHF42,403,4,Flushing - Clearview,16.9,49
2023,UHF42,404,4,Bayside - Little Neck,5.6*,7*
2023,UHF42,405,4,Ridgewood - Forest Hills,7.7,26
2023,UHF42,406,4,Fresh Meadows,15.6,22
2023,UHF42,407,4,Southwest Queens,10.8,48
2023,UHF42,408,4,Jamaica,19.0,85
2023,UHF42,409,4,Southeast Queens,16.3,46
2023,UHF42,410,4,Rockaways,11.5,26
2023,UHF42,501,4,Port Richmond,14.4,20
2023,UHF42,502,4,Stapleton - St. George,15.8,31
2023,UHF42,503,4,Willowbrook,3.5*,5*
2023,UHF42,504,4,South Beach - Tottenville,4.5,14
2023,Borough,1,1,Bronx,41.6,986
2023,Borough,2,1,Brooklyn,15.7,619
2023,Borough,3,1,Manhattan,25.5,391
2023,Borough,4,1,Queens,15.8,492
2023,Borough,5,1,Staten Island,8.9,70
2023,Citywide,1,0,New York City,21.8,"2,558"
2022,CD,101,6,Financial District (CD1),10.2*,5*
2022,CD,102,6,Greenwich Village and Soho (CD2),7.2*,4*
2022,CD,103,6,Lower East Side and Chinatown (CD3),9.3,15
2022,CD,104,6,Clinton and Chelsea (CD4),14.2,11
2022,CD,105,6,Midtown (CD5),12.0*,3*
2022,CD,106,6,Stuyvesant Town and Turtle Bay (CD6),4.2*,3*
2022,CD,107,6,Upper West Side (CD7),8.1,17
2022,CD,108,6,Upper East Side (CD8),10.0,22
2022,CD,109,6,Morningside Heights and Hamilton Heights (CD9),26.7,32
2022,CD,110,6,Central Harlem (CD10),55.3,89
2022,CD,111,6,East Harlem (CD11),39.6,68
2022,CD,112,6,Washington Heights and Inwood (CD12),31.9,71
2022,CD,201,6,Mott Haven and Melrose (CD1),47.2,87
2022,CD,202,6,Hunts Point and Longwood (CD2),41.1,42
2022,CD,203,6,Morrisania and Crotona (CD3),44.2,79
2022,CD,204,6,Highbridge and Concourse (CD4),30.0,82
2022,CD,205,6,Fordham and University Heights (CD5),28.8,71
2022,CD,206,6,Belmont and East Tremont (CD6),54.3,91
2022,CD,207,6,Kingsbridge Heights and Bedford (CD7),33.7,83
2022,CD,208,6,Riverdale and Fieldston (CD8),23.6,32
2022,CD,209,6,Parkchester and Soundview (CD9),38.5,118
2022,CD,210,6,Throgs Neck and Co-op City (CD10),21.8,37
2022,CD,211,6,Morris Park and Bronxdale (CD11),45.5,81
2022,CD,212,6,Williamsbridge and Baychester (CD12),47.4,123
2022,CD,301,6,Greenpoint and Williamsburg (CD1),8.2,26
2022,CD,302,6,Fort Greene and Brooklyn Heights (CD2),24.0,28
2022,CD,303,6,Bedford Stuyvesant (CD3),26.7,61
2022,CD,304,6,Bushwick (CD4),15.3,27
2022,CD,305,6,East New York and Starrett City (CD5),39.7,124
2022,CD,306,6,Park Slope and Carroll Gardens (CD6),21.9,27
2022,CD,307,6,Sunset Park (CD7),7.5,14
2022,CD,308,6,Crown Heights and Prospect Heights (CD8),20.4,24
2022,CD,309,6,South Crown Heights and Lefferts Gardens (CD9),17.0,23
2022,CD,310,6,Bay Ridge and Dyker Heights (CD10),3.9*,8*
2022,CD,311,6,Bensonhurst (CD11),4.6,14
2022,CD,312,6,Borough Park (CD12),2.1*,10*
2022,CD,313,6,Coney Island (CD13),12.8,18
2022,CD,314,6,Flatbush and Midwood (CD14),12.9,36
2022,CD,315,6,Sheepshead Bay (CD15),2.2*,6*
2022,CD,316,6,Brownsville (CD16),55.6,82
2022,CD,317,6,East Flatbush (CD17),20.5,40
2022,CD,318,6,Flatlands and Canarsie (CD18),18.4,56
2022,CD,401,6,Long Island City and Astoria (CD1),5.2,11
2022,CD,402,6,Woodside and Sunnyside (CD2),8.0,14
2022,CD,403,6,Jackson Heights (CD3),11.0,28
2022,CD,404,6,Elmhurst and Corona (CD4),10.7,28
2022,CD,405,6,Ridgewood and Maspeth (CD5),9.6,24
2022,CD,406,6,Rego Park and Forest Hills (CD6),4.2*,5*
2022,CD,407,6,Flushing and Whitestone (CD7),12.4,38
2022,CD,408,6,Hillcrest and Fresh Meadows (CD8),9.4,20
2022,CD,409,6,Kew Gardens and Woodhaven (CD9),12.1,29
2022,CD,410,6,South Ozone Park and Howard Beach (CD10),10.8,21
2022,CD,411,6,Bayside and Little Neck (CD11),6.5,11
2022,CD,412,6,Jamaica and Hollis (CD12),18.7,63
2022,CD,413,6,Queens Village (CD13),19.6,51
2022,CD,414,6,Rockaway and Broad Channel (CD14),10.4,20
2022,CD,501,6,St. George and Stapleton (CD1),20.3,67
2022,CD,502,6,South Beach and Willowbrook (CD2),7.1,15
2022,CD,503,6,Tottenville and Great Kills (CD3),5.2,13
2022,UHF42,101,4,Kingsbridge - Riverdale,20.4,24
2022,UHF42,102,4,Northeast Bronx,40.0,124
2022,UHF42,103,4,Fordham - Bronx Pk,39.2,176
2022,UHF42,104,4,Pelham - Throgs Neck,34.9,169
2022,UHF42,105,4,Crotona - Tremont,37.6,155
2022,UHF42,106,4,High Bridge - Morrisania,41.4,165
2022,UHF42,107,4,Hunts Point - Mott Haven,40.6,113
2022,UHF42,201,4,Greenpoint,7.3,16
2022,UHF42,202,4,Downtown - Heights - Slope,19.4,58
2022,UHF42,203,4,Bedford Stuyvesant - Crown Heights,27.9,138
2022,UHF42,204,4,East New York,34.7,125
2022,UHF42,205,4,Sunset Park,7.3,13
2022,UHF42,206,4,Borough Park,3.5,24
2022,UHF42,207,4,East Flatbush - Flatbush,20.8,87
2022,UHF42,208,4,Canarsie - Flatlands,18.9,58
2022,UHF42,209,4,Bensonhurst - Bay Ridge,5.5,16
2022,UHF42,210,4,Coney Island - Sheepshead Bay,6.2,26
2022,UHF42,211,4,Williamsburg - Bushwick,17.0,63
2022,UHF42,301,4,Washington Heights,30.2,92
2022,UHF42,302,4,Central Harlem - Morningside Heights,45.2,108
2022,UHF42,303,4,East Harlem,38.0,60
2022,UHF42,304,4,Upper West Side,7.6,17
2022,UHF42,305,4,Upper East Side,10.6,22
2022,UHF42,306,4,Chelsea - Clinton,15.8,13
2022,UHF42,307,4,Gramercy Park - Murray Hill,3.0*,2*
2022,UHF42,308,4,Greenwich Village - SoHo,11.8*,7*
2022,UHF42,309,4,Union Square - Lower East Side,9.7,15
2022,UHF42,310,4,Lower Manhattan,8.5*,4*
2022,UHF42,401,4,Long Island City - Astoria,5.8,12
2022,UHF42,402,4,West Queens,11.6,73
2022,UHF42,403,4,Flushing - Clearview,12.5,37
2022,UHF42,404,4,Bayside - Little Neck,6.2*,8*
2022,UHF42,405,4,Ridgewood - Forest Hills,7.2,25
2022,UHF42,406,4,Fresh Meadows,12.5,18
2022,UHF42,407,4,Southwest Queens,11.0,50
2022,UHF42,408,4,Jamaica,15.3,70
2022,UHF42,409,4,Southeast Queens,17.2,50
2022,UHF42,410,4,Rockaways,8.6,20
2022,UHF42,501,4,Port Richmond,23.7,33
2022,UHF42,502,4,Stapleton - St. George,16.8,33
2022,UHF42,503,4,Willowbrook,9.1,13
2022,UHF42,504,4,South Beach - Tottenville,5.1,16
2022,Borough,1,1,Bronx,38.5,936
2022,Borough,2,1,Brooklyn,15.5,627
2022,Borough,3,1,Manhattan,22.0,343
2022,Borough,4,1,Queens,12.1,386
2022,Borough,5,1,Staten Island,12.0,95
2022,Citywide,1,0,New York City,19.9,"2,387"
2021,CD,101,6,Financial District (CD1),8.3*,4*
2021,CD,102,6,Greenwich Village and Soho (CD2),3.6*,2*
2021,CD,103,6,Lower East Side and Chinatown (CD3),7.9,13
2021,CD,104,6,Clinton and Chelsea (CD4),11.5*,9*
2021,CD,105,6,Midtown (CD5),4.0*,1*
2021,CD,106,6,Stuyvesant Town and Turtle Bay (CD6),7.0*,5*
2021,CD,107,6,Upper West Side (CD7),6.2,13
2021,CD,108,6,Upper East Side (CD8),3.7*,8*
2021,CD,109,6,Morningside Heights and Hamilton Heights (CD9),24.7,31
2021,CD,110,6,Central Harlem (CD10),34.1,56
2021,CD,111,6,East Harlem (CD11),30.7,55
2021,CD,112,6,Washington Heights and Inwood (CD12),17.6,42
2021,CD,201,6,Mott Haven and Melrose (CD1),34.5,66
2021,CD,202,6,Hunts Point and Longwood (CD2),20.7,22
2021,CD,203,6,Morrisania and Crotona (CD3),28.1,52
2021,CD,204,6,Highbridge and Concourse (CD4),19.7,56
2021,CD,205,6,Fordham and University Heights (CD5),14.8,38
2021,CD,206,6,Belmont and East Tremont (CD6),36.2,63
2021,CD,207,6,Kingsbridge Heights and Bedford (CD7),23.9,61
2021,CD,208,6,Riverdale and Fieldston (CD8),18.1,25
2021,CD,209,6,Parkchester and Soundview (CD9),28.5,90
2021,CD,210,6,Throgs Neck and Co-op City (CD10),23.3,40
2021,CD,211,6,Morris Park and Bronxdale (CD11),17.1,31
2021,CD,212,6,Williamsbridge and Baychester (CD12),35.0,92
2021,CD,301,6,Greenpoint and Williamsburg (CD1),7.2,23
2021,CD,302,6,Fort Greene and Brooklyn Heights (CD2),17.7,21
2021,CD,303,6,Bedford Stuyvesant (CD3),18.2,43
2021,CD,304,6,Bushwick (CD4),13.8,25
2021,CD,305,6,East New York and Starrett City (CD5),19.8,64
2021,CD,306,6,Park Slope and Carroll Gardens (CD6),10.4,13
2021,CD,307,6,Sunset Park (CD7),4.2*,8*
2021,CD,308,6,Crown Heights and Prospect Heights (CD8),23.0,28
2021,CD,309,6,South Crown Heights and Lefferts Gardens (CD9),15.8,22
2021,CD,310,6,Bay Ridge and Dyker Heights (CD10),1.5*,3*
2021,CD,311,6,Bensonhurst (CD11),2.3*,7*
2021,CD,312,6,Borough Park (CD12),2.7,13
2021,CD,313,6,Coney Island (CD13),4.2*,6*
2021,CD,314,6,Flatbush and Midwood (CD14),8.8,25
2021,CD,315,6,Sheepshead Bay (CD15),2.2*,6*
2021,CD,316,6,Brownsville (CD16),28.0,43
2021,CD,317,6,East Flatbush (CD17),20.1,41
2021,CD,318,6,Flatlands and Canarsie (CD18),12.8,40
2021,CD,401,6,Long Island City and Astoria (CD1),4.1*,9*
2021,CD,402,6,Woodside and Sunnyside (CD2),4.5*,8*
2021,CD,403,6,Jackson Heights (CD3),10.0,26
2021,CD,404,6,Elmhurst and Corona (CD4),7.5,20
2021,CD,405,6,Ridgewood and Maspeth (CD5),5.5,14
2021,CD,406,6,Rego Park and Forest Hills (CD6),5.8*,7*
2021,CD,407,6,Flushing and Whitestone (CD7),3.2*,10*
2021,CD,408,6,Hillcrest and Fresh Meadows (CD8),2.8*,6*
2021,CD,409,6,Kew Gardens and Woodhaven (CD9),9.4,23
2021,CD,410,6,South Ozone Park and Howard Beach (CD10),10.1,20
2021,CD,411,6,Bayside and Little Neck (CD11),4.7*,8*
2021,CD,412,6,Jamaica and Hollis (CD12),14.0,49
2021,CD,413,6,Queens Village (CD13),8.2,22
2021,CD,414,6,Rockaway and Broad Channel (CD14),8.0,16
2021,CD,501,6,St. George and Stapleton (CD1),12.2,40
2021,CD,502,6,South Beach and Willowbrook (CD2),2.9*,6*
2021,CD,503,6,Tottenville and Great Kills (CD3),2.0*,5*
2021,UHF42,101,4,Kingsbridge - Riverdale,14.0,17
2021,UHF42,102,4,Northeast Bronx,27.6,89
2021,UHF42,103,4,Fordham - Bronx Pk,26.1,124
2021,UHF42,104,4,Pelham - Throgs Neck,26.6,132
2021,UHF42,105,4,Crotona - Tremont,22.3,94
2021,UHF42,106,4,High Bridge - Morrisania,23.1,95
2021,UHF42,107,4,Hunts Point - Mott Haven,30.6,85
2021,UHF42,201,4,Greenpoint,6.1,13
2021,UHF42,202,4,Downtown - Heights - Slope,13.3,40
2021,UHF42,203,4,Bedford Stuyvesant - Crown Heights,20.6,102
2021,UHF42,204,4,East New York,18.6,69
2021,UHF42,205,4,Sunset Park,3.8*,7*
2021,UHF42,206,4,Borough Park,3.3,23
2021,UHF42,207,4,East Flatbush - Flatbush,16.5,71
2021,UHF42,208,4,Canarsie - Flatlands,11.9,38
2021,UHF42,209,4,Bensonhurst - Bay Ridge,0.7*,2*
2021,UHF42,210,4,Coney Island - Sheepshead Bay,3.0,13
2021,UHF42,211,4,Williamsburg - Bushwick,13.9,53
2021,UHF42,301,4,Washington Heights,17.2,57
2021,UHF42,302,4,Central Harlem - Morningside Heights,34.6,84
2021,UHF42,303,4,East Harlem,25.6,42
2021,UHF42,304,4,Upper West Side,5.9,13
2021,UHF42,305,4,Upper East Side,3.9*,8*
2021,UHF42,306,4,Chelsea - Clinton,11.0*,9*
2021,UHF42,307,4,Gramercy Park - Murray Hill,6.1*,4*
2021,UHF42,308,4,Greenwich Village - SoHo,3.4*,2*
2021,UHF42,309,4,Union Square - Lower East Side,8.2,13
2021,UHF42,310,4,Lower Manhattan,12.9*,6*
2021,UHF42,401,4,Long Island City - Astoria,5.3,11
2021,UHF42,402,4,West Queens,8.4,54
2021,UHF42,403,4,Flushing - Clearview,4.0,12
2021,UHF42,404,4,Bayside - Little Neck,3.8*,5*
2021,UHF42,405,4,Ridgewood - Forest Hills,5.4,19
2021,UHF42,406,4,Fresh Meadows,2.8*,4*
2021,UHF42,407,4,Southwest Queens,9.2,43
2021,UHF42,408,4,Jamaica,10.1,48
2021,UHF42,409,4,Southeast Queens,8.6,26
2021,UHF42,410,4,Rockaways,6.8,16
2021,UHF42,501,4,Port Richmond,16.4,23
2021,UHF42,502,4,Stapleton - St. George,8.7,17
2021,UHF42,503,4,Willowbrook,2.1*,3*
2021,UHF42,504,4,South Beach - Tottenville,2.6*,8*
2021,Borough,1,1,Bronx,25.7,645
2021,Borough,2,1,Brooklyn,10.5,433
2021,Borough,3,1,Manhattan,15.2,242
2021,Borough,4,1,Queens,7.7,251
2021,Borough,5,1,Staten Island,6.6,52
2021,Citywide,1,0,New York City,13.2,"1,623"
2020,CD,102,6,Greenwich Village and Soho (CD2),1.8*,1*
2020,CD,103,6,Lower East Side and Chinatown (CD3),3.6*,6*
2020,CD,104,6,Clinton and Chelsea (CD4),7.4*,6*
2020,CD,106,6,Stuyvesant Town and Turtle Bay (CD6),6.8*,5*
2020,CD,107,6,Upper West Side (CD7),3.2*,7*
2020,CD,108,6,Upper East Side (CD8),0.9*,2*
2020,CD,109,6,Morningside Heights and Hamilton Heights (CD9),16.1,21
2020,CD,110,6,Central Harlem (CD10),20.0,34
2020,CD,111,6,East Harlem (CD11),20.5,38
2020,CD,112,6,Washington Heights and Inwood (CD12),10.1,25
2020,CD,201,6,Mott Haven and Melrose (CD1),27.1,54
2020,CD,202,6,Hunts Point and Longwood (CD2),23.4,26
2020,CD,203,6,Morrisania and Crotona (CD3),15.1,29
2020,CD,204,6,Highbridge and Concourse (CD4),14.6,43
2020,CD,205,6,Fordham and University Heights (CD5),15.4,41
2020,CD,206,6,Belmont and East Tremont (CD6),17.7,32
2020,CD,207,6,Kingsbridge Heights and Bedford (CD7),10.9,29
2020,CD,208,6,Riverdale and Fieldston (CD8),14.6,21
2020,CD,209,6,Parkchester and Soundview (CD9),14.9,49
2020,CD,210,6,Throgs Neck and Co-op City (CD10),5.0*,9*
2020,CD,211,6,Morris Park and Bronxdale (CD11),10.6,20
2020,CD,212,6,Williamsbridge and Baychester (CD12),19.4,53
2020,CD,301,6,Greenpoint and Williamsburg (CD1),3.0*,10*
2020,CD,302,6,Fort Greene and Brooklyn Heights (CD2),9.0,11
2020,CD,303,6,Bedford Stuyvesant (CD3),9.8,24
2020,CD,304,6,Bushwick (CD4),5.3*,10*
2020,CD,305,6,East New York and Starrett City (CD5),24.1,81
2020,CD,306,6,Park Slope and Carroll Gardens (CD6),3.1*,4*
2020,CD,307,6,Sunset Park (CD7),3.6*,7*
2020,CD,308,6,Crown Heights and Prospect Heights (CD8),11.8,15
2020,CD,309,6,South Crown Heights and Lefferts Gardens (CD9),8.3,12
2020,CD,310,6,Bay Ridge and Dyker Heights (CD10),2.4*,5*
2020,CD,311,6,Bensonhurst (CD11),1.3*,4*
2020,CD,312,6,Borough Park (CD12),1.4*,7*
2020,CD,313,6,Coney Island (CD13),11.6,17
2020,CD,314,6,Flatbush and Midwood (CD14),4.4,13
2020,CD,315,6,Sheepshead Bay (CD15),0.7*,2*
2020,CD,316,6,Brownsville (CD16),26.2,42
2020,CD,317,6,East Flatbush (CD17),19.2,41
2020,CD,318,6,Flatlands and Canarsie (CD18),5.5,18
2020,CD,401,6,Long Island City and Astoria (CD1),3.1*,7*
2020,CD,402,6,Woodside and Sunnyside (CD2),1.1*,2*
2020,CD,403,6,Jackson Heights (CD3),3.3*,9*
2020,CD,404,6,Elmhurst and Corona (CD4),4.0,11
2020,CD,405,6,Ridgewood and Maspeth (CD5),3.0*,8*
2020,CD,406,6,Rego Park and Forest Hills (CD6),4.0*,5*
2020,CD,407,6,Flushing and Whitestone (CD7),1.2*,4*
2020,CD,408,6,Hillcrest and Fresh Meadows (CD8),2.7*,6*
2020,CD,409,6,Kew Gardens and Woodhaven (CD9),3.2*,8*
2020,CD,410,6,South Ozone Park and Howard Beach (CD10),7.8,16
2020,CD,411,6,Bayside and Little Neck (CD11),1.7*,3*
2020,CD,412,6,Jamaica and Hollis (CD12),7.4,27
2020,CD,413,6,Queens Village (CD13),5.4,15
2020,CD,414,6,Rockaway and Broad Channel (CD14),6.2,13
2020,CD,501,6,St. George and Stapleton (CD1),7.6,25
2020,CD,502,6,South Beach and Willowbrook (CD2),3.3*,7*
2020,CD,503,6,Tottenville and Great Kills (CD3),0.4*,1*
2020,UHF42,101,4,Kingsbridge - Riverdale,8.8,11
2020,UHF42,102,4,Northeast Bronx,13.2,44
2020,UHF42,103,4,Fordham - Bronx Pk,16.9,84
2020,UHF42,104,4,Pelham - Throgs Neck,11.8,62
2020,UHF42,105,4,Crotona - Tremont,13.8,60
2020,UHF42,106,4,High Bridge - Morrisania,19.1,82
2020,UHF42,107,4,Hunts Point - Mott Haven,22.2,63
2020,UHF42,201,4,Greenpoint,2.7*,6*
2020,UHF42,202,4,Downtown - Heights - Slope,5.5,17
2020,UHF42,203,4,Bedford Stuyvesant - Crown Heights,16.6,85
2020,UHF42,204,4,East New York,21.8,82
2020,UHF42,205,4,Sunset Park,4.8*,9*
2020,UHF42,206,4,Borough Park,1.5,11
2020,UHF42,207,4,East Flatbush - Flatbush,10.5,47
2020,UHF42,208,4,Canarsie - Flatlands,5.4,18
2020,UHF42,209,4,Bensonhurst - Bay Ridge,1.9*,6*
2020,UHF42,210,4,Coney Island - Sheepshead Bay,4.2,19
2020,UHF42,211,4,Williamsburg - Bushwick,5.8,23
2020,UHF42,301,4,Washington Heights,10.0,34
2020,UHF42,302,4,Central Harlem - Morningside Heights,19.3,49
2020,UHF42,303,4,East Harlem,20.8,35
2020,UHF42,304,4,Upper West Side,3.1*,7*
2020,UHF42,305,4,Upper East Side,0.9*,2*
2020,UHF42,306,4,Chelsea - Clinton,7.2*,6*
2020,UHF42,307,4,Gramercy Park - Murray Hill,7.4*,5*
2020,UHF42,308,4,Greenwich Village - SoHo,1.6*,1*
2020,UHF42,309,4,Union Square - Lower East Side,3.1*,5*
2020,UHF42,310,4,Lower Manhattan,2.1*,1*
2020,UHF42,401,4,Long Island City - Astoria,2.3*,5*
2020,UHF42,402,4,West Queens,3.8,25
2020,UHF42,403,4,Flushing - Clearview,1.3*,4*
2020,UHF42,404,4,Bayside - Little Neck,2.2*,3*
2020,UHF42,405,4,Ridgewood - Forest Hills,3.3,12
2020,UHF42,406,4,Fresh Meadows,3.3*,5*
2020,UHF42,407,4,Southwest Queens,5.0,24
2020,UHF42,408,4,Jamaica,5.9,29
2020,UHF42,409,4,Southeast Queens,4.5,14
2020,UHF42,410,4,Rockaways,5.3,13
2020,UHF42,501,4,Port Richmond,8.5,12
2020,UHF42,502,4,Stapleton - St. George,7.6,15
2020,UHF42,503,4,Willowbrook,2.1*,3*
2020,UHF42,504,4,South Beach - Tottenville,0.9*,3*
2020,Borough,1,1,Bronx,15.9,415
2020,Borough,2,1,Brooklyn,7.6,325
2020,Borough,3,1,Manhattan,9.0,148
2020,Borough,4,1,Queens,4.0,135
2020,Borough,5,1,Staten Island,4.1,33
2020,Citywide,1,0,New York City,8.3,"1,056"
2019,CD,101,6,Financial District (CD1),2.0*,1*
2019,CD,102,6,Greenwich Village and Soho (CD2),1.8*,1*
2019,CD,103,6,Lower East Side and Chinatown (CD3),12.8,21
2019,CD,104,6,Clinton and Chelsea (CD4),16.4,13
2019,CD,105,6,Midtown (CD5),11.9*,3*
2019,CD,106,6,Stuyvesant Town and Turtle Bay (CD6),10.9*,8*
2019,CD,107,6,Upper West Side (CD7),7.0,15
2019,CD,108,6,Upper East Side (CD8),2.2*,5*
2019,CD,109,6,Morningside Heights and Hamilton Heights (CD9),16.1,21
2019,CD,110,6,Central Harlem (CD10),43.8,75
2019,CD,111,6,East Harlem (CD11),42.4,79
2019,CD,112,6,Washington Heights and Inwood (CD12),23.4,58
2019,CD,201,6,Mott Haven and Melrose (CD1),55.9,112
2019,CD,202,6,Hunts Point and Longwood (CD2),30.6,34
2019,CD,203,6,Morrisania and Crotona (CD3),44.5,86
2019,CD,204,6,Highbridge and Concourse (CD4),27.3,81
2019,CD,205,6,Fordham and University Heights (CD5),28.0,75
2019,CD,206,6,Belmont and East Tremont (CD6),34.1,62
2019,CD,207,6,Kingsbridge Heights and Bedford (CD7),36.8,98
2019,CD,208,6,Riverdale and Fieldston (CD8),29.5,42
2019,CD,209,6,Parkchester and Soundview (CD9),27.1,89
2019,CD,210,6,Throgs Neck and Co-op City (CD10),24.2,43
2019,CD,211,6,Morris Park and Bronxdale (CD11),19.7,37
2019,CD,212,6,Williamsbridge and Baychester (CD12),41.5,114
2019,CD,301,6,Greenpoint and Williamsburg (CD1),10.5,33
2019,CD,302,6,Fort Greene and Brooklyn Heights (CD2),19.3,23
2019,CD,303,6,Bedford Stuyvesant (CD3),25.9,63
2019,CD,304,6,Bushwick (CD4),16.8,31
2019,CD,305,6,East New York and Starrett City (CD5),43.0,143
2019,CD,306,6,Park Slope and Carroll Gardens (CD6),14.6,18
2019,CD,307,6,Sunset Park (CD7),6.3,12
2019,CD,308,6,Crown Heights and Prospect Heights (CD8),39.9,50
2019,CD,309,6,South Crown Heights and Lefferts Gardens (CD9),21.1,30
2019,CD,310,6,Bay Ridge and Dyker Heights (CD10),4.5*,9*
2019,CD,311,6,Bensonhurst (CD11),4.3,13
2019,CD,312,6,Borough Park (CD12),3.1,15
2019,CD,313,6,Coney Island (CD13),19.0,27
2019,CD,314,6,Flatbush and Midwood (CD14),7.4,21
2019,CD,315,6,Sheepshead Bay (CD15),7.4,20
2019,CD,316,6,Brownsville (CD16),47.6,76
2019,CD,317,6,East Flatbush (CD17),40.9,87
2019,CD,318,6,Flatlands and Canarsie (CD18),21.9,70
2019,CD,401,6,Long Island City and Astoria (CD1),9.1,20
2019,CD,402,6,Woodside and Sunnyside (CD2),4.5*,8*
2019,CD,403,6,Jackson Heights (CD3),14.5,38
2019,CD,404,6,Elmhurst and Corona (CD4),13.4,36
2019,CD,405,6,Ridgewood and Maspeth (CD5),13.9,36
2019,CD,406,6,Rego Park and Forest Hills (CD6),6.7*,8*
2019,CD,407,6,Flushing and Whitestone (CD7),12.6,39
2019,CD,408,6,Hillcrest and Fresh Meadows (CD8),13.9,30
2019,CD,409,6,Kew Gardens and Woodhaven (CD9),14.6,36
2019,CD,410,6,South Ozone Park and Howard Beach (CD10),12.0,24
2019,CD,411,6,Bayside and Little Neck (CD11),3.5*,6*
2019,CD,412,6,Jamaica and Hollis (CD12),21.7,78
2019,CD,413,6,Queens Village (CD13),14.6,40
2019,CD,414,6,Rockaway and Broad Channel (CD14),12.7,26
2019,CD,501,6,St. George and Stapleton (CD1),21.3,70
2019,CD,502,6,South Beach and Willowbrook (CD2),6.2,13
2019,CD,503,6,Tottenville and Great Kills (CD3),4.2,11
2019,UHF42,101,4,Kingsbridge - Riverdale,16.9,21
2019,UHF42,102,4,Northeast Bronx,30.0,100
2019,UHF42,103,4,Fordham - Bronx Pk,40.7,201
2019,UHF42,104,4,Pelham - Throgs Neck,24.9,129
2019,UHF42,105,4,Crotona - Tremont,31.0,137
2019,UHF42,106,4,High Bridge - Morrisania,34.4,149
2019,UHF42,107,4,Hunts Point - Mott Haven,47.4,136
2019,UHF42,201,4,Greenpoint,8.9,19
2019,UHF42,202,4,Downtown - Heights - Slope,14.6,43
2019,UHF42,203,4,Bedford Stuyvesant - Crown Heights,35.8,179
2019,UHF42,204,4,East New York,40.4,147
2019,UHF42,205,4,Sunset Park,6.9,13
2019,UHF42,206,4,Borough Park,3.9,27
2019,UHF42,207,4,East Flatbush - Flatbush,23.3,103
2019,UHF42,208,4,Canarsie - Flatlands,22.5,74
2019,UHF42,209,4,Bensonhurst - Bay Ridge,3.9,12
2019,UHF42,210,4,Coney Island - Sheepshead Bay,11.2,49
2019,UHF42,211,4,Williamsburg - Bushwick,19.6,75
2019,UHF42,301,4,Washington Heights,20.1,68
2019,UHF42,302,4,Central Harlem - Morningside Heights,37.2,94
2019,UHF42,303,4,East Harlem,42.0,71
2019,UHF42,304,4,Upper West Side,6.9,15
2019,UHF42,305,4,Upper East Side,2.3*,5*
2019,UHF42,306,4,Chelsea - Clinton,19.1,16
2019,UHF42,307,4,Gramercy Park - Murray Hill,9.3*,6*
2019,UHF42,308,4,Greenwich Village - SoHo,1.6*,1*
2019,UHF42,309,4,Union Square - Lower East Side,13.2,21
2019,UHF42,310,4,Lower Manhattan,6.2*,3*
2019,UHF42,401,4,Long Island City - Astoria,7.6,16
2019,UHF42,402,4,West Queens,14.0,91
2019,UHF42,403,4,Flushing - Clearview,12.1,37
2019,UHF42,404,4,Bayside - Little Neck,3.9*,5*
2019,UHF42,405,4,Ridgewood - Forest Hills,10.9,39
2019,UHF42,406,4,Fresh Meadows,16.1,24
2019,UHF42,407,4,Southwest Queens,12.7,60
2019,UHF42,408,4,Jamaica,17.5,84
2019,UHF42,409,4,Southeast Queens,13.9,43
2019,UHF42,410,4,Rockaways,11.0,26
2019,UHF42,501,4,Port Richmond,25.5,36
2019,UHF42,502,4,Stapleton - St. George,16.6,33
2019,UHF42,503,4,Willowbrook,7.0*,10*
2019,UHF42,504,4,South Beach - Tottenville,4.7,15
2019,Borough,1,1,Bronx,33.8,883
2019,Borough,2,1,Brooklyn,18.2,753
2019,Borough,3,1,Manhattan,18.6,306
2019,Borough,4,1,Queens,13.2,433
2019,Borough,5,1,Staten Island,12.0,96
2019,Citywide,1,0,New York City,19.8,"2,471"
2018,UHF42,101,4,Kingsbridge - Riverdale,21.4,25
2018,UHF42,102,4,Northeast Bronx,35.1,111
2018,UHF42,103,4,Fordham - Bronx Pk,42.5,201
2018,UHF42,104,4,Pelham - Throgs Neck,37.5,186
2018,UHF42,105,4,Crotona - Tremont,42.4,178
2018,UHF42,106,4,High Bridge - Morrisania,40.5,170
2018,UHF42,107,4,Hunts Point - Mott Haven,52.7,146
2018,UHF42,201,4,Greenpoint,5.6,11
2018,UHF42,202,4,Downtown - Heights - Slope,14.7,41
2018,UHF42,203,4,Bedford Stuyvesant - Crown Heights,43.2,205
2018,UHF42,204,4,East New York,45.9,159
2018,UHF42,205,4,Sunset Park,8.8,16
2018,UHF42,206,4,Borough Park,4.0,26
2018,UHF42,207,4,East Flatbush - Flatbush,38.3,165
2018,UHF42,208,4,Canarsie - Flatlands,23.8,76
2018,UHF42,209,4,Bensonhurst - Bay Ridge,4.5,13
2018,UHF42,210,4,Coney Island - Sheepshead Bay,14.2,59
2018,UHF42,211,4,Williamsburg - Bushwick,26.8,98
2018,UHF42,301,4,Washington Heights,33.8,111
2018,UHF42,302,4,Central Harlem - Morningside Heights,54.6,131
2018,UHF42,303,4,East Harlem,52.2,86
2018,UHF42,304,4,Upper West Side,8.2,17
2018,UHF42,305,4,Upper East Side,6.4,13
2018,UHF42,306,4,Chelsea - Clinton,16.8,13
2018,UHF42,307,4,Gramercy Park - Murray Hill,10.3*,6*
2018,UHF42,308,4,Greenwich Village - SoHo,**,**
2018,UHF42,309,4,Union Square - Lower East Side,12.6,19
2018,UHF42,310,4,Lower Manhattan,**,**
2018,UHF42,401,4,Long Island City - Astoria,11.3,24
2018,UHF42,402,4,West Queens,18.2,113
2018,UHF42,403,4,Flushing - Clearview,14.6,42
2018,UHF42,404,4,Bayside - Little Neck,**,**
2018,UHF42,405,4,Ridgewood - Forest Hills,16.4,55
2018,UHF42,406,4,Fresh Meadows,17.7,25
2018,UHF42,407,4,Southwest Queens,13.3,60
2018,UHF42,408,4,Jamaica,20.8,96
2018,UHF42,409,4,Southeast Queens,15.9,47
2018,UHF42,410,4,Rockaways,21.2,47
2018,UHF42,501,4,Port Richmond,25.8,34
2018,UHF42,502,4,Stapleton - St. George,29.9,57
2018,UHF42,503,4,Willowbrook,7.4*,10*
2018,UHF42,504,4,South Beach - Tottenville,5.3,16
2018,Borough,1,1,Bronx,41.6,"1,042"
2018,Borough,2,1,Brooklyn,22.4,887
2018,Borough,3,1,Manhattan,26.5,412
2018,Borough,4,1,Queens,16.7,524
2018,Borough,5,1,Staten Island,15.7,119
2018,Citywide,1,0,New York City,25.1,"2,984"
2017,UHF42,101,4,Kingsbridge - Riverdale,20.9,26
2017,UHF42,102,4,Northeast Bronx,37.2,126
2017,UHF42,103,4,Fordham - Bronx Pk,43.3,216
2017,UHF42,104,4,Pelham - Throgs Neck,32.7,170
2017,UHF42,105,4,Crotona - Tremont,38.0,170
2017,UHF42,106,4,High Bridge - Morrisania,38.1,167
2017,UHF42,107,4,Hunts Point - Mott Haven,58.2,169
2017,UHF42,201,4,Greenpoint,3.8*,8*
2017,UHF42,202,4,Downtown - Heights - Slope,15.7,46
2017,UHF42,203,4,Bedford Stuyvesant - Crown Heights,42.9,220
2017,UHF42,204,4,East New York,42.7,160
2017,UHF42,205,4,Sunset Park,6.9,13
2017,UHF42,206,4,Borough Park,2.7,18
2017,UHF42,207,4,East Flatbush - Flatbush,25.0,113
2017,UHF42,208,4,Canarsie - Flatlands,21.6,73
2017,UHF42,209,4,Bensonhurst - Bay Ridge,1.7*,5*
2017,UHF42,210,4,Coney Island - Sheepshead Bay,9.0,39
2017,UHF42,211,4,Williamsburg - Bushwick,24.8,96
2017,UHF42,301,4,Washington Heights,30.1,103
2017,UHF42,302,4,Central Harlem - Morningside Heights,56.0,142
2017,UHF42,303,4,East Harlem,38.9,66
2017,UHF42,304,4,Upper West Side,8.0,17
2017,UHF42,305,4,Upper East Side,3.3*,7*
2017,UHF42,306,4,Chelsea - Clinton,11.0*,9*
2017,UHF42,307,4,Gramercy Park - Murray Hill,11.1*,7*
2017,UHF42,308,4,Greenwich Village - SoHo,5.0*,3*
2017,UHF42,309,4,Union Square - Lower East Side,15.3,24
2017,UHF42,310,4,Lower Manhattan,4.3*,2*
2017,UHF42,401,4,Long Island City - Astoria,5.7,12
2017,UHF42,402,4,West Queens,12.2,79
2017,UHF42,403,4,Flushing - Clearview,9.9,30
2017,UHF42,404,4,Bayside - Little Neck,2.4*,3*
2017,UHF42,405,4,Ridgewood - Forest Hills,13.1,47
2017,UHF42,406,4,Fresh Meadows,14.1,21
2017,UHF42,407,4,Southwest Queens,14.2,67
2017,UHF42,408,4,Jamaica,18.6,91
2017,UHF42,409,4,Southeast Queens,17.7,56
2017,UHF42,410,4,Rockaways,11.6,28
2017,UHF42,501,4,Port Richmond,27.6,39
2017,UHF42,502,4,Stapleton - St. George,18.8,37
2017,UHF42,503,4,Willowbrook,2.2*,3*
2017,UHF42,504,4,South Beach - Tottenville,5.0,16
2017,Borough,1,1,Bronx,40.1,"1,060"
2017,Borough,2,1,Brooklyn,19.2,800
2017,Borough,3,1,Manhattan,24.0,390
2017,Borough,4,1,Queens,13.2,437
2017,Borough,5,1,Staten Island,12.0,96
2017,Citywide,1,0,New York City,22.2,"2,783"
2016,UHF42,101,4,Kingsbridge - Riverdale,23.2,28
2016,UHF42,102,4,Northeast Bronx,42.4,139
2016,UHF42,103,4,Fordham - Bronx Pk,63.6,297
2016,UHF42,104,4,Pelham - Throgs Neck,42.7,222
2016,UHF42,105,4,Crotona - Tremont,47.8,211
2016,UHF42,106,4,High Bridge - Morrisania,63.7,278
2016,UHF42,107,4,Hunts Point - Mott Haven,56.5,165
2016,UHF42,201,4,Greenpoint,5.5,11
2016,UHF42,202,4,Downtown - Heights - Slope,19.5,55
2016,UHF42,203,4,Bedford Stuyvesant - Crown Heights,48.4,244
2016,UHF42,204,4,East New York,52.0,185
2016,UHF42,205,4,Sunset Park,7.4,15
2016,UHF42,206,4,Borough Park,4.5,31
2016,UHF42,207,4,East Flatbush - Flatbush,41.4,186
2016,UHF42,208,4,Canarsie - Flatlands,24.8,81
2016,UHF42,209,4,Bensonhurst - Bay Ridge,5.8,17
2016,UHF42,210,4,Coney Island - Sheepshead Bay,9.6,39
2016,UHF42,211,4,Williamsburg - Bushwick,33.0,126
2016,UHF42,301,4,Washington Heights,32.4,111
2016,UHF42,302,4,Central Harlem - Morningside Heights,62.0,146
2016,UHF42,303,4,East Harlem,52.6,87
2016,UHF42,304,4,Upper West Side,7.2,15
2016,UHF42,305,4,Upper East Side,7.2,15
2016,UHF42,306,4,Chelsea - Clinton,10.5*,**
2016,UHF42,307,4,Gramercy Park - Murray Hill,13.7*,**
2016,UHF42,308,4,Greenwich Village - SoHo,1.8*,**
2016,UHF42,309,4,Union Square - Lower East Side,24.3,40
2016,UHF42,310,4,Lower Manhattan,20.4*,**
2016,UHF42,401,4,Long Island City - Astoria,10.3,23
2016,UHF42,402,4,West Queens,14.9,99
2016,UHF42,403,4,Flushing - Clearview,12.5,39
2016,UHF42,404,4,Bayside - Little Neck,3.1*,**
2016,UHF42,405,4,Ridgewood - Forest Hills,14.0,46
2016,UHF42,406,4,Fresh Meadows,15.7,23
2016,UHF42,407,4,Southwest Queens,12.8,61
2016,UHF42,408,4,Jamaica,25.0,121
2016,UHF42,409,4,Southeast Queens,17.2,53
2016,UHF42,410,4,Rockaways,17.1,37
2016,UHF42,501,4,Port Richmond,36.6,49
2016,UHF42,502,4,Stapleton - St. George,15.5,31
2016,UHF42,503,4,Willowbrook,3.8*,**
2016,UHF42,504,4,South Beach - Tottenville,3.9,12
2016,Borough,1,1,Bronx,51.1,"1,340"
2016,Borough,2,1,Brooklyn,24.1,990
2016,Borough,3,1,Manhattan,27.9,440
2016,Borough,4,1,Queens,15.4,506
2016,Borough,5,1,Staten Island,12.4,97
2016,Citywide,1,0,New York City,27.2,"3,373"
2015,UHF42,101,4,Kingsbridge - Riverdale,24.1,29
2015,UHF42,102,4,Northeast Bronx,48.8,160
2015,UHF42,103,4,Fordham - Bronx Pk,61.9,288
2015,UHF42,104,4,Pelham - Throgs Neck,51.1,265
2015,UHF42,105,4,Crotona - Tremont,50.3,221
2015,UHF42,106,4,High Bridge - Morrisania,65.2,284
2015,UHF42,107,4,Hunts Point - Mott Haven,73.1,213
2015,UHF42,201,4,Greenpoint,5.6,11
2015,UHF42,202,4,Downtown - Heights - Slope,20.5,57
2015,UHF42,203,4,Bedford Stuyvesant - Crown Heights,49.4,252
2015,UHF42,204,4,East New York,43.4,156
2015,UHF42,205,4,Sunset Park,10.0,20
2015,UHF42,206,4,Borough Park,3.2,22
2015,UHF42,207,4,East Flatbush - Flatbush,45.8,208
2015,UHF42,208,4,Canarsie - Flatlands,25.7,85
2015,UHF42,209,4,Bensonhurst - Bay Ridge,4.8,14
2015,UHF42,210,4,Coney Island - Sheepshead Bay,8.2,33
2015,UHF42,211,4,Williamsburg - Bushwick,32.1,123
2015,UHF42,301,4,Washington Heights,26.9,92
2015,UHF42,302,4,Central Harlem - Morningside Heights,46.9,111
2015,UHF42,303,4,East Harlem,66.5,110
2015,UHF42,304,4,Upper West Side,8.7,18
2015,UHF42,305,4,Upper East Side,9.7,20
2015,UHF42,306,4,Chelsea - Clinton,14.8,11
2015,UHF42,307,4,Gramercy Park - Murray Hill,7.0*,**
2015,UHF42,308,4,Greenwich Village - SoHo,5.5*,**
2015,UHF42,309,4,Union Square - Lower East Side,21.5,35
2015,UHF42,310,4,Lower Manhattan,11.6*,**
2015,UHF42,401,4,Long Island City - Astoria,11.3,25
2015,UHF42,402,4,West Queens,14.0,92
2015,UHF42,403,4,Flushing - Clearview,10.7,33
2015,UHF42,404,4,Bayside - Little Neck,8.6,11
2015,UHF42,405,4,Ridgewood - Forest Hills,12.0,39
2015,UHF42,406,4,Fresh Meadows,20.0,29
2015,UHF42,407,4,Southwest Queens,16.7,79
2015,UHF42,408,4,Jamaica,24.4,118
2015,UHF42,409,4,Southeast Queens,18.5,57
2015,UHF42,410,4,Rockaways,21.3,46
2015,UHF42,501,4,Port Richmond,27.9,37
2015,UHF42,502,4,Stapleton - St. George,15.6,31
2015,UHF42,503,4,Willowbrook,5.4*,**
2015,UHF42,504,4,South Beach - Tottenville,8.7,27
2015,Borough,1,1,Bronx,57.6,"1,489"
2015,Borough,2,1,Brooklyn,24.3,994
2015,Borough,3,1,Manhattan,26.8,421
2015,Borough,4,1,Queens,16.6,540
2015,Borough,5,1,Staten Island,13.4,103
2015,Citywide,1,0,New York City,28.9,"3,547"
2014,UHF42,101,4,Kingsbridge - Riverdale,38.5,46
2014,UHF42,102,4,Northeast Bronx,56.6,186
2014,UHF42,103,4,Fordham - Bronx Pk,74.5,345
2014,UHF42,104,4,Pelham - Throgs Neck,48.9,252
2014,UHF42,105,4,Crotona - Tremont,67.6,296
2014,UHF42,106,4,High Bridge - Morrisania,69.3,301
2014,UHF42,107,4,Hunts Point - Mott Haven,82.0,238
2014,UHF42,201,4,Greenpoint,10.9,21
2014,UHF42,202,4,Downtown - Heights - Slope,20.1,55
2014,UHF42,203,4,Bedford Stuyvesant - Crown Heights,59.9,311
2014,UHF42,204,4,East New York,51.5,188
2014,UHF42,205,4,Sunset Park,12.0,24
2014,UHF42,206,4,Borough Park,5.3,36
2014,UHF42,207,4,East Flatbush - Flatbush,49.7,229
2014,UHF42,208,4,Canarsie - Flatlands,20.8,70
2014,UHF42,209,4,Bensonhurst - Bay Ridge,2.4*,**
2014,UHF42,210,4,Coney Island - Sheepshead Bay,9.5,38
2014,UHF42,211,4,Williamsburg - Bushwick,40.7,157
2014,UHF42,301,4,Washington Heights,32.8,112
2014,UHF42,302,4,Central Harlem - Morningside Heights,51.0,121
2014,UHF42,303,4,East Harlem,66.4,110
2014,UHF42,304,4,Upper West Side,13.8,28
2014,UHF42,305,4,Upper East Side,10.8,22
2014,UHF42,306,4,Chelsea - Clinton,27.3,20
2014,UHF42,307,4,Gramercy Park - Murray Hill,14.2*,**
2014,UHF42,308,4,Greenwich Village - SoHo,7.4*,**
2014,UHF42,309,4,Union Square - Lower East Side,19.3,31
2014,UHF42,310,4,Lower Manhattan,19.0*,**
2014,UHF42,401,4,Long Island City - Astoria,22.8,50
2014,UHF42,402,4,West Queens,19.8,129
2014,UHF42,403,4,Flushing - Clearview,9.5,29
2014,UHF42,404,4,Bayside - Little Neck,10.2,13
2014,UHF42,405,4,Ridgewood - Forest Hills,13.5,44
2014,UHF42,406,4,Fresh Meadows,9.7,14
2014,UHF42,407,4,Southwest Queens,21.2,100
2014,UHF42,408,4,Jamaica,25.3,123
2014,UHF42,409,4,Southeast Queens,31.9,99
2014,UHF42,410,4,Rockaways,23.0,50
2014,UHF42,501,4,Port Richmond,32.3,43
2014,UHF42,502,4,Stapleton - St. George,22.1,44
2014,UHF42,503,4,Willowbrook,6.1*,**
2014,UHF42,504,4,South Beach - Tottenville,6.1,19
2014,Borough,1,1,Bronx,65.6,"1,691"
2014,Borough,2,1,Brooklyn,28.2,"1,155"
2014,Borough,3,1,Manhattan,30.9,482
2014,Borough,4,1,Queens,20.4,663
2014,Borough,5,1,Staten Island,14.8,115
2014,Citywide,1,0,New York City,33.5,"4,106"
2013,UHF42,101,4,Kingsbridge - Riverdale,38.3,46
2013,UHF42,102,4,Northeast Bronx,52.0,172
2013,UHF42,103,4,Fordham - Bronx Pk,64.0,298
2013,UHF42,104,4,Pelham - Throgs Neck,46.0,238
2013,UHF42,105,4,Crotona - Tremont,63.9,282
2013,UHF42,106,4,High Bridge - Morrisania,64.9,284
2013,UHF42,107,4,Hunts Point - Mott Haven,82.1,240
2013,UHF42,201,4,Greenpoint,6.4,12
2013,UHF42,202,4,Downtown - Heights - Slope,22.9,62
2013,UHF42,203,4,Bedford Stuyvesant - Crown Heights,54.1,286
2013,UHF42,204,4,East New York,48.5,180
2013,UHF42,205,4,Sunset Park,19.1,38
2013,UHF42,206,4,Borough Park,4.4,29
2013,UHF42,207,4,East Flatbush - Flatbush,41.8,196
2013,UHF42,208,4,Canarsie - Flatlands,24.9,85
2013,UHF42,209,4,Bensonhurst - Bay Ridge,5.3,15
2013,UHF42,210,4,Coney Island - Sheepshead Bay,9.6,38
2013,UHF42,211,4,Williamsburg - Bushwick,43.3,168
2013,UHF42,301,4,Washington Heights,24.6,85
2013,UHF42,302,4,Central Harlem - Morningside Heights,60.1,145
2013,UHF42,303,4,East Harlem,70.4,118
2013,UHF42,304,4,Upper West Side,9.4,19
2013,UHF42,305,4,Upper East Side,6.5,13
2013,UHF42,306,4,Chelsea - Clinton,13.8,10
2013,UHF42,307,4,Gramercy Park - Murray Hill,12.6*,**
2013,UHF42,308,4,Greenwich Village - SoHo,**,**
2013,UHF42,309,4,Union Square - Lower East Side,21.8,35
2013,UHF42,310,4,Lower Manhattan,7.3*,**
2013,UHF42,401,4,Long Island City - Astoria,18.8,41
2013,UHF42,402,4,West Queens,15.2,99
2013,UHF42,403,4,Flushing - Clearview,13.1,40
2013,UHF42,404,4,Bayside - Little Neck,7.1*,**
2013,UHF42,405,4,Ridgewood - Forest Hills,12.6,41
2013,UHF42,406,4,Fresh Meadows,14.6,21
2013,UHF42,407,4,Southwest Queens,17.0,80
2013,UHF42,408,4,Jamaica,24.8,122
2013,UHF42,409,4,Southeast Queens,26.7,84
2013,UHF42,410,4,Rockaways,18.2,40
2013,UHF42,501,4,Port Richmond,25.3,34
2013,UHF42,502,4,Stapleton - St. George,20.9,42
2013,UHF42,503,4,Willowbrook,0.8*,**
2013,UHF42,504,4,South Beach - Tottenville,6.9,22
2013,Borough,1,1,Bronx,61.4,"1,592"
2013,Borough,2,1,Brooklyn,27.4,"1,126"
2013,Borough,3,1,Manhattan,29.1,455
2013,Borough,4,1,Queens,18.2,591
2013,Borough,5,1,Staten Island,13.4,105
2013,Citywide,1,0,New York City,31.5,"3,869"
2012,UHF42,101,4,Kingsbridge - Riverdale,22.4,27
2012,UHF42,102,4,Northeast Bronx,47.0,157
2012,UHF42,103,4,Fordham - Bronx Pk,60.8,284
2012,UHF42,104,4,Pelham - Throgs Neck,55.4,288
2012,UHF42,105,4,Crotona - Tremont,59.4,263
2012,UHF42,106,4,High Bridge - Morrisania,62.5,275
2012,UHF42,107,4,Hunts Point - Mott Haven,87.6,257
2012,UHF42,201,4,Greenpoint,10.3,19
2012,UHF42,202,4,Downtown - Heights - Slope,26.9,72
2012,UHF42,203,4,Bedford Stuyvesant - Crown Heights,55.7,300
2012,UHF42,204,4,East New York,41.3,156
2012,UHF42,205,4,Sunset Park,15.1,30
2012,UHF42,206,4,Borough Park,6.2,41
2012,UHF42,207,4,East Flatbush - Flatbush,35.1,167
2012,UHF42,208,4,Canarsie - Flatlands,26.9,93
2012,UHF42,209,4,Bensonhurst - Bay Ridge,7.1,20
2012,UHF42,210,4,Coney Island - Sheepshead Bay,11.7,46
2012,UHF42,211,4,Williamsburg - Bushwick,56.4,221
2012,UHF42,301,4,Washington Heights,21.2,74
2012,UHF42,302,4,Central Harlem - Morningside Heights,62.1,152
2012,UHF42,303,4,East Harlem,62.4,106
2012,UHF42,304,4,Upper West Side,14.5,29
2012,UHF42,305,4,Upper East Side,9.1,18
2012,UHF42,306,4,Chelsea - Clinton,21.0,15
2012,UHF42,307,4,Gramercy Park - Murray Hill,12.8*,**
2012,UHF42,308,4,Greenwich Village - SoHo,5.7*,**
2012,UHF42,309,4,Union Square - Lower East Side,19.8,32
2012,UHF42,310,4,Lower Manhattan,9.9*,**
2012,UHF42,401,4,Long Island City - Astoria,16.6,36
2012,UHF42,402,4,West Queens,14.0,91
2012,UHF42,403,4,Flushing - Clearview,8.2,25
2012,UHF42,404,4,Bayside - Little Neck,10.3,13
2012,UHF42,405,4,Ridgewood - Forest Hills,23.2,75
2012,UHF42,406,4,Fresh Meadows,15.3,22
2012,UHF42,407,4,Southwest Queens,18.1,85
2012,UHF42,408,4,Jamaica,21.0,104
2012,UHF42,409,4,Southeast Queens,28.9,92
2012,UHF42,410,4,Rockaways,19.9,44
2012,UHF42,501,4,Port Richmond,32.6,44
2012,UHF42,502,4,Stapleton - St. George,12.9,26
2012,UHF42,503,4,Willowbrook,6.8*,**
2012,UHF42,504,4,South Beach - Tottenville,7.2,23
2012,Borough,1,1,Bronx,61.0,"1,588"
2012,Borough,2,1,Brooklyn,29.0,"1,193"
2012,Borough,3,1,Manhattan,29.5,462
2012,Borough,4,1,Queens,18.4,600
2012,Borough,5,1,Staten Island,13.2,104
2012,Citywide,1,0,New York City,32.0,"3,947"
2011,UHF42,101,4,Kingsbridge - Riverdale,26.5,32
2011,UHF42,102,4,Northeast Bronx,44.7,151
2011,UHF42,103,4,Fordham - Bronx Pk,56.7,266
2011,UHF42,104,4,Pelham - Throgs Neck,51.0,266
2011,UHF42,105,4,Crotona - Tremont,52.2,232
2011,UHF42,106,4,High Bridge - Morrisania,57.0,252
2011,UHF42,107,4,Hunts Point - Mott Haven,74.3,219
2011,UHF42,201,4,Greenpoint,9.4,17
2011,UHF42,202,4,Downtown - Heights - Slope,29.0,77
2011,UHF42,203,4,Bedford Stuyvesant - Crown Heights,49.8,273
2011,UHF42,204,4,East New York,41.3,159
2011,UHF42,205,4,Sunset Park,12.6,25
2011,UHF42,206,4,Borough Park,6.7,44
2011,UHF42,207,4,East Flatbush - Flatbush,31.3,151
2011,UHF42,208,4,Canarsie - Flatlands,21.6,76
2011,UHF42,209,4,Bensonhurst - Bay Ridge,6.1,17
2011,UHF42,210,4,Coney Island - Sheepshead Bay,9.2,36
2011,UHF42,211,4,Williamsburg - Bushwick,52.0,206
2011,UHF42,301,4,Washington Heights,21.8,77
2011,UHF42,302,4,Central Harlem - Morningside Heights,46.9,116
2011,UHF42,303,4,East Harlem,68.1,117
2011,UHF42,304,4,Upper West Side,20.3,40
2011,UHF42,305,4,Upper East Side,9.2,18
2011,UHF42,306,4,Chelsea - Clinton,14.2,10
2011,UHF42,307,4,Gramercy Park - Murray Hill,5.6*,**
2011,UHF42,308,4,Greenwich Village - SoHo,5.8*,**
2011,UHF42,309,4,Union Square - Lower East Side,16.1,26
2011,UHF42,310,4,Lower Manhattan,12.6*,**
2011,UHF42,401,4,Long Island City - Astoria,20.4,44
2011,UHF42,402,4,West Queens,11.7,76
2011,UHF42,403,4,Flushing - Clearview,12.2,37
2011,UHF42,404,4,Bayside - Little Neck,6.4*,**
2011,UHF42,405,4,Ridgewood - Forest Hills,18.3,59
2011,UHF42,406,4,Fresh Meadows,16.0,23
2011,UHF42,407,4,Southwest Queens,13.8,65
2011,UHF42,408,4,Jamaica,21.9,110
2011,UHF42,409,4,Southeast Queens,21.4,69
2011,UHF42,410,4,Rockaways,30.5,68
2011,UHF42,501,4,Port Richmond,22.0,30
2011,UHF42,502,4,Stapleton - St. George,16.2,33
2011,UHF42,503,4,Willowbrook,7.5,10
2011,UHF42,504,4,South Beach - Tottenville,7.1,23
2011,Borough,1,1,Bronx,55.2,"1,446"
2011,Borough,2,1,Brooklyn,26.6,"1,100"
2011,Borough,3,1,Manhattan,27.5,431
2011,Borough,4,1,Queens,17.7,578
2011,Borough,5,1,Staten Island,12.2,97
2011,Citywide,1,0,New York City,29.5,"3,652"
2010,UHF42,101,4,Kingsbridge - Riverdale,29.2,35
2010,UHF42,102,4,Northeast Bronx,40.3,133
2010,UHF42,103,4,Fordham - Bronx Pk,57.2,278
2010,UHF42,104,4,Pelham - Throgs Neck,43.7,229
2010,UHF42,105,4,Crotona - Tremont,52.5,234
2010,UHF42,106,4,High Bridge - Morrisania,43.7,195
2010,UHF42,107,4,Hunts Point - Mott Haven,64.0,191
2010,UHF42,201,4,Greenpoint,9.1,17
2010,UHF42,202,4,Downtown - Heights - Slope,18.8,48
2010,UHF42,203,4,Bedford Stuyvesant - Crown Heights,45.9,254
2010,UHF42,204,4,East New York,45.4,181
2010,UHF42,205,4,Sunset Park,9.2,19
2010,UHF42,206,4,Borough Park,3.4,23
2010,UHF42,207,4,East Flatbush - Flatbush,27.2,136
2010,UHF42,208,4,Canarsie - Flatlands,20.4,70
2010,UHF42,209,4,Bensonhurst - Bay Ridge,3.0*,**
2010,UHF42,210,4,Coney Island - Sheepshead Bay,10.0,43
2010,UHF42,211,4,Williamsburg - Bushwick,54.1,215
2010,UHF42,301,4,Washington Heights,22.2,79
2010,UHF42,302,4,Central Harlem - Morningside Heights,48.1,118
2010,UHF42,303,4,East Harlem,65.1,120
2010,UHF42,304,4,Upper West Side,14.8,30
2010,UHF42,305,4,Upper East Side,10.3,20
2010,UHF42,306,4,Chelsea - Clinton,18.0,13
2010,UHF42,307,4,Gramercy Park - Murray Hill,8.9*,**
2010,UHF42,308,4,Greenwich Village - SoHo,11.4*,**
2010,UHF42,309,4,Union Square - Lower East Side,10.6,18
2010,UHF42,310,4,Lower Manhattan,**,**
2010,UHF42,401,4,Long Island City - Astoria,20.6,48
2010,UHF42,402,4,West Queens,12.3,87
2010,UHF42,403,4,Flushing - Clearview,13.0,42
2010,UHF42,404,4,Bayside - Little Neck,10.2,13
2010,UHF42,405,4,Ridgewood - Forest Hills,24.5,79
2010,UHF42,406,4,Fresh Meadows,12.5,18
2010,UHF42,407,4,Southwest Queens,18.4,83
2010,UHF42,408,4,Jamaica,27.8,135
2010,UHF42,409,4,Southeast Queens,27.1,85
2010,UHF42,410,4,Rockaways,39.3,86
2010,UHF42,501,4,Port Richmond,19.7,29
2010,UHF42,502,4,Stapleton - St. George,23.0,48
2010,UHF42,503,4,Willowbrook,6.7*,**
2010,UHF42,504,4,South Beach - Tottenville,8.2,26
2010,Borough,1,1,Bronx,49.5,"1,311"
2010,Borough,2,1,Brooklyn,24.3,"1,032"
2010,Borough,3,1,Manhattan,26.5,418
2010,Borough,4,1,Queens,20.8,690
2010,Borough,5,1,Staten Island,13.9,112
2010,Citywide,1,0,New York City,28.3,"3,563"
2009,UHF42,101,4,Kingsbridge - Riverdale,25.8,31
2009,UHF42,102,4,Northeast Bronx,38.1,127
2009,UHF42,103,4,Fordham - Bronx Pk,70.2,344
2009,UHF42,104,4,Pelham - Throgs Neck,49.3,259
2009,UHF42,105,4,Crotona - Tremont,57.3,259
2009,UHF42,106,4,High Bridge - Morrisania,60.2,268
2009,UHF42,107,4,Hunts Point - Mott Haven,78.2,234
2009,UHF42,201,4,Greenpoint,17.1,31
2009,UHF42,202,4,Downtown - Heights - Slope,26.6,68
2009,UHF42,203,4,Bedford Stuyvesant - Crown Heights,51.1,288
2009,UHF42,204,4,East New York,43.3,172
2009,UHF42,205,4,Sunset Park,13.6,28
2009,UHF42,206,4,Borough Park,6.6,44
2009,UHF42,207,4,East Flatbush - Flatbush,33.5,171
2009,UHF42,208,4,Canarsie - Flatlands,28.7,99
2009,UHF42,209,4,Bensonhurst - Bay Ridge,5.8,17
2009,UHF42,210,4,Coney Island - Sheepshead Bay,10.7,46
2009,UHF42,211,4,Williamsburg - Bushwick,60.6,241
2009,UHF42,301,4,Washington Heights,22.6,83
2009,UHF42,302,4,Central Harlem - Morningside Heights,69.1,171
2009,UHF42,303,4,East Harlem,67.6,126
2009,UHF42,304,4,Upper West Side,18.9,38
2009,UHF42,305,4,Upper East Side,8.9,17
2009,UHF42,306,4,Chelsea - Clinton,18.5,13
2009,UHF42,307,4,Gramercy Park - Murray Hill,7.2*,**
2009,UHF42,308,4,Greenwich Village - SoHo,13.1*,**
2009,UHF42,309,4,Union Square - Lower East Side,20.7,36
2009,UHF42,310,4,Lower Manhattan,13.9*,**
2009,UHF42,401,4,Long Island City - Astoria,17.9,42
2009,UHF42,402,4,West Queens,14.3,100
2009,UHF42,403,4,Flushing - Clearview,13.4,43
2009,UHF42,404,4,Bayside - Little Neck,11.9,15
2009,UHF42,405,4,Ridgewood - Forest Hills,20.2,65
2009,UHF42,406,4,Fresh Meadows,13.3,19
2009,UHF42,407,4,Southwest Queens,20.2,91
2009,UHF42,408,4,Jamaica,37.5,182
2009,UHF42,409,4,Southeast Queens,32.6,103
2009,UHF42,410,4,Rockaways,44.4,96
2009,UHF42,501,4,Port Richmond,26.7,39
2009,UHF42,502,4,Stapleton - St. George,16.8,35
2009,UHF42,503,4,Willowbrook,13.2,18
2009,UHF42,504,4,South Beach - Tottenville,7.9,25
2009,Borough,1,1,Bronx,58.2,"1,552"
2009,Borough,2,1,Brooklyn,29.0,"1,231"
2009,Borough,3,1,Manhattan,31.9,508
2009,Borough,4,1,Queens,23.6,779
2009,Borough,5,1,Staten Island,14.7,119
2009,Citywide,1,0,New York City,33.2,"4,189"
2008,UHF42,101,4,Kingsbridge - Riverdale,25.0,30
2008,UHF42,102,4,Northeast Bronx,43.5,145
2008,UHF42,103,4,Fordham - Bronx Pk,61.0,300
2008,UHF42,104,4,Pelham - Throgs Neck,46.5,243
2008,UHF42,105,4,Crotona - Tremont,57.0,260
2008,UHF42,106,4,High Bridge - Morrisania,53.7,240
2008,UHF42,107,4,Hunts Point - Mott Haven,68.1,204
2008,UHF42,201,4,Greenpoint,9.8,18
2008,UHF42,202,4,Downtown - Heights - Slope,21.6,55
2008,UHF42,203,4,Bedford Stuyvesant - Crown Heights,50.0,287
2008,UHF42,204,4,East New York,46.8,186
2008,UHF42,205,4,Sunset Park,14.2,29
2008,UHF42,206,4,Borough Park,4.8,31
2008,UHF42,207,4,East Flatbush - Flatbush,28.2,147
2008,UHF42,208,4,Canarsie - Flatlands,16.5,57
2008,UHF42,209,4,Bensonhurst - Bay Ridge,5.3,15
2008,UHF42,210,4,Coney Island - Sheepshead Bay,9.6,41
2008,UHF42,211,4,Williamsburg - Bushwick,60.4,241
2008,UHF42,301,4,Washington Heights,21.1,82
2008,UHF42,302,4,Central Harlem - Morningside Heights,55.3,140
2008,UHF42,303,4,East Harlem,78.4,151
2008,UHF42,304,4,Upper West Side,16.1,32
2008,UHF42,305,4,Upper East Side,7.0,13
2008,UHF42,306,4,Chelsea - Clinton,20.1,14
2008,UHF42,307,4,Gramercy Park - Murray Hill,20.1,11
2008,UHF42,308,4,Greenwich Village - SoHo,1.9*,**
2008,UHF42,309,4,Union Square - Lower East Side,27.4,49
2008,UHF42,310,4,Lower Manhattan,5.8*,**
2008,UHF42,401,4,Long Island City - Astoria,20.8,49
2008,UHF42,402,4,West Queens,16.3,112
2008,UHF42,403,4,Flushing - Clearview,14.2,45
2008,UHF42,404,4,Bayside - Little Neck,8.1,10
2008,UHF42,405,4,Ridgewood - Forest Hills,20.6,65
2008,UHF42,406,4,Fresh Meadows,9.9,14
2008,UHF42,407,4,Southwest Queens,22.4,100
2008,UHF42,408,4,Jamaica,30.0,145
2008,UHF42,409,4,Southeast Queens,21.4,68
2008,UHF42,410,4,Rockaways,41.0,87
2008,UHF42,501,4,Port Richmond,13.1,19
2008,UHF42,502,4,Stapleton - St. George,15.8,33
2008,UHF42,503,4,Willowbrook,10.2,14
2008,UHF42,504,4,South Beach - Tottenville,6.3,20
2008,Borough,1,1,Bronx,54.5,"1,455"
2008,Borough,2,1,Brooklyn,26.8,"1,137"
2008,Borough,3,1,Manhattan,31.6,512
2008,Borough,4,1,Queens,22.3,730
2008,Borough,5,1,Staten Island,10.9,88
2008,Citywide,1,0,New York City,31.1,"3,922"
2007,UHF42,101,4,Kingsbridge - Riverdale,21.7,26
2007,UHF42,102,4,Northeast Bronx,39.6,132
2007,UHF42,103,4,Fordham - Bronx Pk,54.9,272
2007,UHF42,104,4,Pelham - Throgs Neck,42.5,222
2007,UHF42,105,4,Crotona - Tremont,50.0,231
2007,UHF42,106,4,High Bridge - Morrisania,51.2,230
2007,UHF42,107,4,Hunts Point - Mott Haven,74.0,223
2007,UHF42,201,4,Greenpoint,20.7,39
2007,UHF42,202,4,Downtown - Heights - Slope,20.6,53
2007,UHF42,203,4,Bedford Stuyvesant - Crown Heights,49.4,291
2007,UHF42,204,4,East New York,43.4,174
2007,UHF42,205,4,Sunset Park,12.7,26
2007,UHF42,206,4,Borough Park,5.3,34
2007,UHF42,207,4,East Flatbush - Flatbush,32.8,176
2007,UHF42,208,4,Canarsie - Flatlands,16.4,57
2007,UHF42,209,4,Bensonhurst - Bay Ridge,5.1,14
2007,UHF42,210,4,Coney Island - Sheepshead Bay,13.7,58
2007,UHF42,211,4,Williamsburg - Bushwick,57.7,233
2007,UHF42,301,4,Washington Heights,20.5,83
2007,UHF42,302,4,Central Harlem - Morningside Heights,68.0,175
2007,UHF42,303,4,East Harlem,85.9,169
2007,UHF42,304,4,Upper West Side,20.3,40
2007,UHF42,305,4,Upper East Side,7.7,14
2007,UHF42,306,4,Chelsea - Clinton,31.8,22
2007,UHF42,307,4,Gramercy Park - Murray Hill,18.6,10
2007,UHF42,308,4,Greenwich Village - SoHo,3.8*,**
2007,UHF42,309,4,Union Square - Lower East Side,32.3,59
2007,UHF42,310,4,Lower Manhattan,3.0*,**
2007,UHF42,401,4,Long Island City - Astoria,25.1,60
2007,UHF42,402,4,West Queens,16.9,115
2007,UHF42,403,4,Flushing - Clearview,14.5,46
2007,UHF42,404,4,Bayside - Little Neck,11.5,14
2007,UHF42,405,4,Ridgewood - Forest Hills,27.4,86
2007,UHF42,406,4,Fresh Meadows,16.5,23
2007,UHF42,407,4,Southwest Queens,20.7,92
2007,UHF42,408,4,Jamaica,25.4,123
2007,UHF42,409,4,Southeast Queens,25.6,82
2007,UHF42,410,4,Rockaways,47.6,100
2007,UHF42,501,4,Port Richmond,23.0,33
2007,UHF42,502,4,Stapleton - St. George,19.2,40
2007,UHF42,503,4,Willowbrook,10.8,15
2007,UHF42,504,4,South Beach - Tottenville,4.1,13
2007,Borough,1,1,Bronx,55.0,"1,476"
2007,Borough,2,1,Brooklyn,28.1,"1,200"
2007,Borough,3,1,Manhattan,36.5,598
2007,Borough,4,1,Queens,25.0,814
2007,Borough,5,1,Staten Island,13.1,106
2007,Citywide,1,0,New York City,33.1,"4,194"
2006,UHF42,101,4,Kingsbridge - Riverdale,22.4,27
2006,UHF42,102,4,Northeast Bronx,39.9,134
2006,UHF42,103,4,Fordham - Bronx Pk,48.1,241
2006,UHF42,104,4,Pelham - Throgs Neck,48.4,254
2006,UHF42,105,4,Crotona - Tremont,55.0,258
2006,UHF42,106,4,High Bridge - Morrisania,57.6,261
2006,UHF42,107,4,Hunts Point - Mott Haven,71.1,216
2006,UHF42,201,4,Greenpoint,19.5,38
2006,UHF42,202,4,Downtown - Heights - Slope,24.1,63
2006,UHF42,203,4,Bedford Stuyvesant - Crown Heights,63.7,386
2006,UHF42,204,4,East New York,46.4,188
2006,UHF42,205,4,Sunset Park,10.7,22
2006,UHF42,206,4,Borough Park,6.2,39
2006,UHF42,207,4,East Flatbush - Flatbush,41.6,230
2006,UHF42,208,4,Canarsie - Flatlands,22.7,80
2006,UHF42,209,4,Bensonhurst - Bay Ridge,4.4,12
2006,UHF42,210,4,Coney Island - Sheepshead Bay,9.4,40
2006,UHF42,211,4,Williamsburg - Bushwick,61.9,254
2006,UHF42,301,4,Washington Heights,24.0,101
2006,UHF42,302,4,Central Harlem - Morningside Heights,65.7,173
2006,UHF42,303,4,East Harlem,78.2,158
2006,UHF42,304,4,Upper West Side,25.0,49
2006,UHF42,305,4,Upper East Side,6.7,12
2006,UHF42,306,4,Chelsea - Clinton,13.0*,**
2006,UHF42,307,4,Gramercy Park - Murray Hill,20.7,11
2006,UHF42,308,4,Greenwich Village - SoHo,11.4*,**
2006,UHF42,309,4,Union Square - Lower East Side,31.0,58
2006,UHF42,310,4,Lower Manhattan,12.5*,**
2006,UHF42,401,4,Long Island City - Astoria,20.5,50
2006,UHF42,402,4,West Queens,18.9,129
2006,UHF42,403,4,Flushing - Clearview,20.7,66
2006,UHF42,404,4,Bayside - Little Neck,14.0,17
2006,UHF42,405,4,Ridgewood - Forest Hills,21.2,67
2006,UHF42,406,4,Fresh Meadows,17.2,24
2006,UHF42,407,4,Southwest Queens,22.1,99
2006,UHF42,408,4,Jamaica,27.3,134
2006,UHF42,409,4,Southeast Queens,25.4,83
2006,UHF42,410,4,Rockaways,49.4,104
2006,UHF42,501,4,Port Richmond,24.5,35
2006,UHF42,502,4,Stapleton - St. George,24.4,51
2006,UHF42,503,4,Willowbrook,12.1,17
2006,UHF42,504,4,South Beach - Tottenville,8.1,26
2006,Borough,1,1,Bronx,56.9,"1,542"
2006,Borough,2,1,Brooklyn,33.0,"1,424"
2006,Borough,3,1,Manhattan,36.3,605
2006,Borough,4,1,Queens,25.0,823
2006,Borough,5,1,Staten Island,16.1,131
2006,Citywide,1,0,New York City,35.4,"4,525"
2005,UHF42,101,4,Kingsbridge - Riverdale,18.9,23
2005,UHF42,102,4,Northeast Bronx,42.7,145
2005,UHF42,103,4,Fordham - Bronx Pk,51.0,260
2005,UHF42,104,4,Pelham - Throgs Neck,45.3,240
2005,UHF42,105,4,Crotona - Tremont,54.3,260
2005,UHF42,106,4,High Bridge - Morrisania,61.1,281
2005,UHF42,107,4,Hunts Point - Mott Haven,74.1,228
2005,UHF42,201,4,Greenpoint,18.3,37
2005,UHF42,202,4,Downtown - Heights - Slope,21.8,58
2005,UHF42,203,4,Bedford Stuyvesant - Crown Heights,47.8,298
2005,UHF42,204,4,East New York,49.9,205
2005,UHF42,205,4,Sunset Park,7.2,15
2005,UHF42,206,4,Borough Park,5.7,36
2005,UHF42,207,4,East Flatbush - Flatbush,40.5,231
2005,UHF42,208,4,Canarsie - Flatlands,21.8,78
2005,UHF42,209,4,Bensonhurst - Bay Ridge,4.1,11
2005,UHF42,210,4,Coney Island - Sheepshead Bay,13.0,56
2005,UHF42,211,4,Williamsburg - Bushwick,77.2,323
2005,UHF42,301,4,Washington Heights,27.6,120
2005,UHF42,302,4,Central Harlem - Morningside Heights,78.4,210
2005,UHF42,303,4,East Harlem,91.0,187
2005,UHF42,304,4,Upper West Side,22.7,44
2005,UHF42,305,4,Upper East Side,8.6,15
2005,UHF42,306,4,Chelsea - Clinton,26.3,18
2005,UHF42,307,4,Gramercy Park - Murray Hill,15.3*,**
2005,UHF42,308,4,Greenwich Village - SoHo,3.8*,**
2005,UHF42,309,4,Union Square - Lower East Side,29.4,56
2005,UHF42,310,4,Lower Manhattan,19.5*,**
2005,UHF42,401,4,Long Island City - Astoria,25.5,64
2005,UHF42,402,4,West Queens,19.7,135
2005,UHF42,403,4,Flushing - Clearview,14.3,46
2005,UHF42,404,4,Bayside - Little Neck,13.1,16
2005,UHF42,405,4,Ridgewood - Forest Hills,22.5,72
2005,UHF42,406,4,Fresh Meadows,14.3,20
2005,UHF42,407,4,Southwest Queens,18.8,85
2005,UHF42,408,4,Jamaica,28.9,144
2005,UHF42,409,4,Southeast Queens,24.5,82
2005,UHF42,410,4,Rockaways,51.2,108
2005,UHF42,501,4,Port Richmond,24.4,35
2005,UHF42,502,4,Stapleton - St. George,20.4,43
2005,UHF42,503,4,Willowbrook,11.9,17
2005,UHF42,504,4,South Beach - Tottenville,6.7,22
2005,Borough,1,1,Bronx,58.0,"1,594"
2005,Borough,2,1,Brooklyn,32.2,"1,414"
2005,Borough,3,1,Manhattan,41.5,698
2005,Borough,4,1,Queens,25.0,831
2005,Borough,5,1,Staten Island,14.4,119
2005,Citywide,1,0,New York City,35.9,"4,656"
